1,Oxbow Western Timothy Hay 50-lb,Pet Supplies/Small Animals/Food,50.46,85
2,Garden of Life Raw Organic Protein Vanilla Chai Powder,Health & Household/Sports Nutrition/Protein/Powders/Plant,32.89,40
3,Murad Hydro-Dynamic Ultimate Moisture,Beauty & Personal Care/Luxury Beauty/Skin Care,75.00,15
4,Electrolux EFLS627UTT 27 Inch Front Load Washer with 4.4 cu. ft. Capacity,Applicances/Laundry,973.00,5
5,Rosco RS340811 Cegel Roscosun 1/2 CTO 20x24 Correction,Electronics-Camera & Photo,6.95,99
6,Zola 100% Natural Coconut Water 1 Liter (Pack of 12),Gourmet Grocery,49.99,140
7,Organize More 60 Standard Ink Organizer,Office Products/Office & School Supplies/Desk Accessories & Workspace Organizers,53.95,12
8,Gelly RollÂ® Medium Metallic Pen Cube - Color: Metallic,Office Products/Office & School Supplies/Writing & Correction Supplies,13.80,50
9,Arteza Water Brush Pens-Set of 6,Arts Crafts & Sewing/Paintbrush Sets,12.50,150
10,Anne of Green Gables (Five-Disc 20th Anniversary Collector's Box Set),Movies & TV/Boxed Sets/Drama,42.99,20
